sample_id,label,predicted_label,error_type,patchformer_prob_edited,num_patches_extracted,max_patch_prob
X51005433492,REAL,REAL,CORRECT_REAL,0.67374,2,0.85216
X51005433538,REAL,REAL,CORRECT_REAL,0.30652,2,0.32675
X51005433541,REAL,REAL,CORRECT_REAL,0.13182,2,0.25173
X51005442334,REAL,REAL,CORRECT_REAL,0.41535,2,0.67896
X51005442379,EDITED,REAL,FALSE_NEGATIVE,0.168,4,0.36572
X51005442384,REAL,REAL,CORRECT_REAL,0.45101,2,0.82397
X51005442386,REAL,REAL,CORRECT_REAL,0.23881,2,0.47082
X51005442394,REAL,REAL,CORRECT_REAL,0.11474,2,0.2263
X51006414470,REAL,REAL,CORRECT_REAL,0.29975,2,0.53115
X51006414483,REAL,REAL,CORRECT_REAL,0.63815,2,0.68166
X51006414592,REAL,REAL,CORRECT_REAL,0.27375,2,0.5078
X51006414633,REAL,REAL,CORRECT_REAL,0.07414,2,0.10972
X51006913061,REAL,REAL,CORRECT_REAL,0.05625,2,0.09783
X51006913067,REAL,REAL,CORRECT_REAL,0.19692,2,0.31638
X51007231274,REAL,REAL,CORRECT_REAL,0.14785,2,0.27787
X51007231336,REAL,REAL,CORRECT_REAL,0.37196,2,0.73593
X51005433514,REAL,REAL,CORRECT_REAL,0.25045,2,0.42904
X51005442375,REAL,REAL,CORRECT_REAL,0.17341,2,0.34362
X51006414593,REAL,REAL,CORRECT_REAL,0.478,2,0.94488
X51006913023,EDITED,REAL,FALSE_NEGATIVE,0.56309,4,0.92301
X51006913024,EDITED,EDITED,CORRECT_EDITED,0.94073,16,0.94804
X51006913028,EDITED,EDITED,CORRECT_EDITED,0.81213,4,0.94198
X51006913060,REAL,REAL,CORRECT_REAL,0.65668,2,0.93027
X51007231341,REAL,REAL,CORRECT_REAL,0.09906,2,0.16774
X51007103692,EDITED,REAL,FALSE_NEGATIVE,0.54408,4,0.91584
X51007339112,EDITED,EDITED,CORRECT_EDITED,0.87829,8,0.95279
X51006857071,EDITED,REAL,FALSE_NEGATIVE,0.6489,2,0.8222
X51007231275,EDITED,REAL,FALSE_NEGATIVE,0.45123,2,0.47544
X51005587254,EDITED,REAL,FALSE_NEGATIVE,0.02469,2,0.02849
X51006555806,EDITED,EDITED,CORRECT_EDITED,0.96225,10,0.9787
X51006401977,EDITED,REAL,FALSE_NEGATIVE,0.69694,4,0.89258
X51005447850,EDITED,EDITED,CORRECT_EDITED,0.91823,4,0.95756
X51006619550,EDITED,EDITED,CORRECT_EDITED,0.87485,10,0.93932
X51005675914,EDITED,EDITED,CORRECT_EDITED,0.86389,4,0.98351
X51007846321,EDITED,EDITED,CORRECT_EDITED,0.90246,6,0.91708
X51005719888,EDITED,EDITED,CORRECT_EDITED,0.97416,28,0.99062
X51005711404,EDITED,REAL,FALSE_NEGATIVE,0.62509,4,0.91842
X51008114321,EDITED,EDITED,CORRECT_EDITED,0.74749,4,0.86927
X51006557117,EDITED,REAL,FALSE_NEGATIVE,0.36683,4,0.78534
X00016469622,EDITED,EDITED,CORRECT_EDITED,0.79938,16,0.88862
X51005757304,EDITED,EDITED,CORRECT_EDITED,0.78183,4,0.93443
X51005365179,EDITED,EDITED,CORRECT_EDITED,0.89837,6,0.95481
X51005757243,EDITED,EDITED,CORRECT_EDITED,0.95831,10,0.96936
X51005433553,EDITED,REAL,FALSE_NEGATIVE,0.35507,4,0.75153
X51008099081,EDITED,EDITED,CORRECT_EDITED,0.79459,8,0.88565
X51006392167,REAL,EDITED,FALSE_POSITIVE,0.8613,2,0.87071
X51005676544,REAL,EDITED,FALSE_POSITIVE,0.77024,2,0.88836
X51006557209,REAL,REAL,CORRECT_REAL,0.12737,2,0.24236
X51006387973,REAL,REAL,CORRECT_REAL,0.47061,2,0.91342
X51006441474,REAL,REAL,CORRECT_REAL,0.47531,2,0.78177
X51006414599,REAL,REAL,CORRECT_REAL,0.06205,2,0.10889
X51005724623,REAL,REAL,CORRECT_REAL,0.04242,2,0.0686
X51006554833,REAL,EDITED,FALSE_POSITIVE,0.7476,2,0.767
X51006556806,REAL,REAL,CORRECT_REAL,0.11873,2,0.21919
X51007391372,REAL,REAL,CORRECT_REAL,0.39688,2,0.68979
X51006334926,REAL,REAL,CORRECT_REAL,0.07118,2,0.11983
X51006619842,REAL,REAL,CORRECT_REAL,0.53997,2,0.63134
X51005719814,REAL,REAL,CORRECT_REAL,0.44862,2,0.86057
X51005675103,REAL,REAL,CORRECT_REAL,0.34831,2,0.44049
X51005719856,REAL,REAL,CORRECT_REAL,0.41183,2,0.76877
X51008099046,REAL,REAL,CORRECT_REAL,0.01439,2,0.02285
X51006466070,REAL,REAL,CORRECT_REAL,0.40173,2,0.69055
X51006414512,REAL,REAL,CORRECT_REAL,0.08533,2,0.13001
X51005676536,REAL,REAL,CORRECT_REAL,0.33824,2,0.54386
X51006867435,REAL,REAL,CORRECT_REAL,0.27439,2,0.38587
X51007339657,REAL,REAL,CORRECT_REAL,0.23505,2,0.39247
X51006556730,REAL,REAL,CORRECT_REAL,0.58055,2,0.77712
X51005806695,REAL,REAL,CORRECT_REAL,0.47046,2,0.9187
X00016469669,REAL,REAL,CORRECT_REAL,0.04776,2,0.08478
X51007339131,REAL,REAL,CORRECT_REAL,0.47706,2,0.70735
X51005757351,REAL,REAL,CORRECT_REAL,0.01095,2,0.01354
X51006619772,REAL,REAL,CORRECT_REAL,0.00674,2,0.00845
X51006389865,REAL,REAL,CORRECT_REAL,0.01404,2,0.01983
X51006008073,REAL,EDITED,FALSE_POSITIVE,0.7298,2,0.74765
X51005663301,REAL,REAL,CORRECT_REAL,0.18997,2,0.3348
X51005605332,REAL,REAL,CORRECT_REAL,0.44868,2,0.86274
X51006679216,REAL,REAL,CORRECT_REAL,0.16274,2,0.2079
X51008099043,REAL,REAL,CORRECT_REAL,0.03354,2,0.05647
X51006414600,REAL,REAL,CORRECT_REAL,0.23709,2,0.4396
X51006389963,REAL,REAL,CORRECT_REAL,0.47359,2,0.94164
X51006619779,REAL,REAL,CORRECT_REAL,0.32145,2,0.35467
X51006856981,REAL,REAL,CORRECT_REAL,0.68257,2,0.75283
X51005587267,REAL,REAL,CORRECT_REAL,0.0112,2,0.01709
X51005200938,REAL,REAL,CORRECT_REAL,0.07429,2,0.13725
X51006557168,REAL,REAL,CORRECT_REAL,0.52489,2,0.86527
X51006466065,REAL,REAL,CORRECT_REAL,0.46892,2,0.54096
X51007339094,REAL,REAL,CORRECT_REAL,0.19759,2,0.37071
X51006349081,REAL,REAL,CORRECT_REAL,0.06183,2,0.11362
X51006556610,REAL,REAL,CORRECT_REAL,0.34423,2,0.47202
X51005757308,REAL,REAL,CORRECT_REAL,0.03676,2,0.06929
X51005663311,REAL,REAL,CORRECT_REAL,0.38366,2,0.70458
X51007846451,REAL,REAL,CORRECT_REAL,0.10249,2,0.1871
X51005453802,REAL,REAL,CORRECT_REAL,0.04026,2,0.07504
X51005711442,REAL,REAL,CORRECT_REAL,0.01317,2,0.02372
X51006619338,REAL,REAL,CORRECT_REAL,0.36525,2,0.61151
X51005442376,REAL,REAL,CORRECT_REAL,0.15075,2,0.29844
X51006414427,REAL,REAL,CORRECT_REAL,0.13019,2,0.14087
X51006414429,REAL,REAL,CORRECT_REAL,0.18905,2,0.21843
X51006328919,REAL,REAL,CORRECT_REAL,0.05415,2,0.10756
X51006329395,REAL,REAL,CORRECT_REAL,0.40008,2,0.58798
X51007846305,REAL,REAL,CORRECT_REAL,0.52932,2,0.76962
X51008099089,REAL,REAL,CORRECT_REAL,0.00544,2,0.01042
X51006414708,REAL,REAL,CORRECT_REAL,0.10746,2,0.19109
X51006502531,REAL,REAL,CORRECT_REAL,0.36766,2,0.68369
X51007846387,REAL,REAL,CORRECT_REAL,0.40498,2,0.70803
X51005757220,REAL,REAL,CORRECT_REAL,0.09263,2,0.185
X51006857132,REAL,REAL,CORRECT_REAL,0.47708,2,0.95164
X51006912974,REAL,REAL,CORRECT_REAL,0.23188,2,0.39437
X51005757342,REAL,REAL,CORRECT_REAL,0.01468,2,0.02304
X51005719864,REAL,REAL,CORRECT_REAL,0.40152,2,0.56899
X51006556839,REAL,REAL,CORRECT_REAL,0.51701,2,0.65989
X51005719896,REAL,REAL,CORRECT_REAL,0.04799,2,0.06465
X51006388069,REAL,REAL,CORRECT_REAL,0.36884,2,0.66142
X51005582745,REAL,REAL,CORRECT_REAL,0.12747,2,0.25016
X51006555814,REAL,REAL,CORRECT_REAL,0.06798,2,0.0803
X51006556740,REAL,REAL,CORRECT_REAL,0.36833,2,0.70649
X51005719893,REAL,REAL,CORRECT_REAL,0.01578,2,0.02569
X51007846360,REAL,REAL,CORRECT_REAL,0.05184,2,0.07631
X51007103702,REAL,REAL,CORRECT_REAL,0.27117,2,0.35949
X51008099084,REAL,REAL,CORRECT_REAL,0.16627,2,0.32863
X51006008091,REAL,REAL,CORRECT_REAL,0.05341,2,0.07379
X51009008091,REAL,REAL,CORRECT_REAL,0.40445,2,0.80594
X51005361898,REAL,REAL,CORRECT_REAL,0.00519,2,0.00674
X51005442382,REAL,REAL,CORRECT_REAL,0.00237,2,0.00278
X00016469676,REAL,REAL,CORRECT_REAL,0.25141,2,0.50202
X51005746207,REAL,REAL,CORRECT_REAL,0.12513,2,0.15522
X51005268472,REAL,REAL,CORRECT_REAL,0.33129,2,0.52042
X51005745298,REAL,REAL,CORRECT_REAL,0.07458,2,0.13843
X51006556852,REAL,REAL,CORRECT_REAL,0.01987,2,0.0356
X51008145504,REAL,REAL,CORRECT_REAL,0.42333,2,0.62938
X51006466778,REAL,REAL,CORRECT_REAL,0.47927,2,0.83458
X51008099073,REAL,REAL,CORRECT_REAL,0.01754,2,0.02557
X51006556654,REAL,REAL,CORRECT_REAL,0.001,2,0.00157
X51005806703,REAL,REAL,CORRECT_REAL,0.44358,2,0.61158
X51006557508,REAL,REAL,CORRECT_REAL,0.66191,2,0.85262
X51005676537,REAL,REAL,CORRECT_REAL,0.04983,2,0.08664
X51006714066,REAL,EDITED,FALSE_POSITIVE,0.79609,2,0.80869
X51005568884,REAL,REAL,CORRECT_REAL,0.01497,2,0.0261
X51005757273,REAL,REAL,CORRECT_REAL,0.34984,2,0.64959
X51005757248,REAL,REAL,CORRECT_REAL,0.36581,2,0.73072
X51005663280,REAL,REAL,CORRECT_REAL,0.66707,2,0.71682
X51006387740,REAL,REAL,CORRECT_REAL,0.17049,2,0.33102
X51006713996,REAL,REAL,CORRECT_REAL,0.04425,2,0.08308
X51006414675,REAL,REAL,CORRECT_REAL,0.41527,2,0.6577
X51007339156,REAL,REAL,CORRECT_REAL,0.46928,2,0.91431
X51006328937,REAL,REAL,CORRECT_REAL,0.43221,2,0.85716
X51006329399,REAL,EDITED,FALSE_POSITIVE,0.7405,2,0.81953
X51006619757,REAL,REAL,CORRECT_REAL,0.34579,2,0.5177
