image_id,sha256,source_dataset,source_id,original_path,target_class,width,height,format,file_size,split
img_000002,8d6cbae6aa6130283eba63e3454785e417a80ea652f5e0b21f5cd041cfec3e3b,,img_000002.png,C:\Users\jay\New folder (2)\Trustrace\data\dataset\REAL\img_000002.png,REAL,384,256,PNG,191633,train
img_000003,3589015575c320d5502f912a2a72a157459b9e9c85c7f52777f83acf5b5063fa,,img_000003.png,C:\Users\jay\New folder (2)\Trustrace\data\dataset\REAL\img_000003.png,REAL,384,256,PNG,198894,train
img_000006,6de4a9f30d22fe07edd4304631e28e5e13e8b31e44d4497faa2ea184a46fcf2d,,img_000006.png,C:\Users\jay\New folder (2)\Trustrace\data\dataset\REAL\img_000006.png,REAL,384,256,PNG,206033,train
img_000007,28c00653e2d9fb01118fd77541e45bb3e3c9a89e6b3c61c9cb0d887f11c1ec24,,img_000007.png,C:\Users\jay\New folder (2)\Trustrace\data\dataset\REAL\img_000007.png,REAL,384,256,PNG,135437,train
img_000010,1e12bf2cc5da4bdec74035f9006af24fb4c2610bee1bb03879edf80d1ff277a4,,img_000010.png,C:\Users\jay\New folder (2)\Trustrace\data\dataset\REAL\img_000010.png,REAL,384,256,PNG,71260,train
img_000011,d7447105323f44ce23f9aedd1afb2f3861ec0f8921219abd7de687d60479e134,,img_000011.png,C:\Users\jay\New folder (2)\Trustrace\data\dataset\REAL\img_000011.png,REAL,384,256,PNG,163505,train
img_000012,287532a14615d646186f79d6a6a27858d3e5a7b1937d2e7cabea12695f8e1e81,,img_000012.png,C:\Users\jay\New folder (2)\Trustrace\data\dataset\REAL\img_000012.png,REAL,384,256,PNG,143040,train
img_000013,5976e7fe29c81684d5b83d6bf696c7b99fd5013583a2e6496402124f6dccb8ca,,img_000013.png,C:\Users\jay\New folder (2)\Trustrace\data\dataset\REAL\img_000013.png,REAL,384,256,PNG,166960,train
img_000014,ef982b92c15f8f5fbbbf6066ef4f22d05db3b715ed7551919b2c2499aedf0f1b,,img_000014.png,C:\Users\jay\New folder (2)\Trustrace\data\dataset\REAL\img_000014.png,REAL,384,256,PNG,178851,train
img_000015,3e4674b14d751d0a1c007876a21fb4b8862f2203eb10b597a25a5efefc5a195b,,img_000015.png,C:\Users\jay\New folder (2)\Trustrace\data\dataset\REAL\img_000015.png,REAL,384,256,PNG,133147,train
img_000016,32a65633788c6af29445fc55b18fedf8b105c7e993602e6e974f924935cf14de,,img_000016.png,C:\Users\jay\New folder (2)\Trustrace\data\dataset\REAL\img_000016.png,REAL,384,256,PNG,167336,train
img_000017,57d4a0551c786b8e0ced888a6a99e869fb1eb88a193fe0dfe8568f3cab083190,,img_000017.png,C:\Users\jay\New folder (2)\Trustrace\data\dataset\REAL\img_000017.png,REAL,384,256,PNG,76607,train
img_000018,415b67bbb3f43a5f775cdcdda799948793f91cd907dec51f5aa895397611b397,,img_000018.png,C:\Users\jay\New folder (2)\Trustrace\data\dataset\REAL\img_000018.png,REAL,384,256,PNG,198342,train
img_000019,52473e0b62eab5fb8d662dadbeb9b086f809c5876299519f9c5071c00b288944,,img_000019.png,C:\Users\jay\New folder (2)\Trustrace\data\dataset\REAL\img_000019.png,REAL,384,256,PNG,159036,train
img_000022,8abc06ac823c9977d2bdbb77967a7fcc47c51451e7646da60e4b50967dad1513,,img_000022.png,C:\Users\jay\New folder (2)\Trustrace\data\dataset\REAL\img_000022.png,REAL,384,256,PNG,169004,train
img_000023,a89caf72f960bd84f56805fe871d03373fabcf501b35654ca4981288a69c68b1,,img_000023.png,C:\Users\jay\New folder (2)\Trustrace\data\dataset\REAL\img_000023.png,REAL,384,256,PNG,186970,train
img_000024,876615ee0a977d562a733cfecf42ca78a93f0e59cc1d6238b9e4113d5fb9c8d2,,img_000024.png,C:\Users\jay\New folder (2)\Trustrace\data\dataset\REAL\img_000024.png,REAL,384,256,PNG,158452,train
img_000026,9482785f9ffc98e012d4436f9c41ff5243319e82e0689daa7091ceca2a998664,,img_000027.png,C:\Users\jay\New folder (2)\Trustrace\data\dataset\EDITED\img_000026.png,EDITED,384,256,PNG,140066,train
img_000027,aba0896ace9235e81eaf20e631f098e8e49df888234898c092390d0aa72cec7e,,img_000028.png,C:\Users\jay\New folder (2)\Trustrace\data\dataset\EDITED\img_000027.png,EDITED,384,256,PNG,190549,train
img_000028,5f1537e76f56215175d8baf55e5c192f01fb49cece83eaf57f86f41e66eb4fab,,img_000029.png,C:\Users\jay\New folder (2)\Trustrace\data\dataset\EDITED\img_000028.png,EDITED,256,384,PNG,186078,train
img_000029,8b09ece5e078335424abd995dc9704e114f5a0c544643faae79a8da1340b377e,,img_000030.png,C:\Users\jay\New folder (2)\Trustrace\data\dataset\EDITED\img_000029.png,EDITED,384,256,PNG,173650,train
img_000031,d2164314a10176b0669a89167496968b1b9dad53cc373e6c2f2a481252bae94f,,img_000032.png,C:\Users\jay\New folder (2)\Trustrace\data\dataset\EDITED\img_000031.png,EDITED,384,256,PNG,132350,train
img_000032,9ebbf5b50dcde27291db765e06b834b75b3c080f34bf0228acb2c32a279cb066,,img_000033.png,C:\Users\jay\New folder (2)\Trustrace\data\dataset\EDITED\img_000032.png,EDITED,640,480,PNG,525567,train
img_000034,d57007d262ea5825f53f3226bda55c2148a757336d8dc261050cb40f102df71e,,img_000035.png,C:\Users\jay\New folder (2)\Trustrace\data\dataset\EDITED\img_000034.png,EDITED,384,256,PNG,177346,train
img_000036,d46dfe1da651e2ee6286d9afed59f8a3d7a597cce9ce4260addd8fb6b58d3321,,img_000037.png,C:\Users\jay\New folder (2)\Trustrace\data\dataset\EDITED\img_000036.png,EDITED,384,256,PNG,172369,train
img_000037,b2eacdda55ca2b9dd80c18eadcbdfb82e5ffb7ccda4dcfcd5df09c98599314ac,,img_000038.png,C:\Users\jay\New folder (2)\Trustrace\data\dataset\EDITED\img_000037.png,EDITED,384,256,PNG,133009,train
img_000039,2c7d1e29263a6f2ef51b29ec5ff40b7715fc46923c05dd1bcee81ff10f789f6b,,img_000040.png,C:\Users\jay\New folder (2)\Trustrace\data\dataset\EDITED\img_000039.png,EDITED,256,384,PNG,141326,train
img_000040,31fcf0251188d0a66e90afe1b3aa2c1715f1c6e7b50b26f297a7498a22815217,,img_000041.png,C:\Users\jay\New folder (2)\Trustrace\data\dataset\EDITED\img_000040.png,EDITED,384,256,PNG,158452,train
img_000041,4adf11e4d904e6cd2a78eb417c0dbfa65bd406d8ca86146148cd50be7b962546,,img_000042.png,C:\Users\jay\New folder (2)\Trustrace\data\dataset\EDITED\img_000041.png,EDITED,384,256,PNG,164339,train
img_000042,98b7a347b06cdbe99b0db8b23023fa582007a005d7f440a20fb01b7c581828d4,,img_000043.png,C:\Users\jay\New folder (2)\Trustrace\data\dataset\EDITED\img_000042.png,EDITED,384,256,PNG,166260,train
img_000044,28bb07e4c294ebc67350a5f0020703d84d87ef2b76f37c6c89bba68770ebb162,,img_000045.png,C:\Users\jay\New folder (2)\Trustrace\data\dataset\EDITED\img_000044.png,EDITED,640,480,PNG,438493,train
img_000045,25d94220410711f58ce9e55a9f537596f9c6909c5b01310c2ab9f54154d42644,,img_000046.png,C:\Users\jay\New folder (2)\Trustrace\data\dataset\EDITED\img_000045.png,EDITED,384,256,PNG,235504,train
img_000046,85023067cedf13a420fef906e8c2ab2e783615ff7651e5616cc1428c84b4c84a,,img_000047.png,C:\Users\jay\New folder (2)\Trustrace\data\dataset\EDITED\img_000046.png,EDITED,240,160,PNG,68228,train
img_000048,76d8352fe27740a791ce39858edbd6c9ba44057ee9b1e4302d5bc0714a6a6265,,img_000049.png,C:\Users\jay\New folder (2)\Trustrace\data\dataset\EDITED\img_000048.png,EDITED,384,256,PNG,267044,train
img_000049,209eb4ca7aee5faf33f27eb01d3c573a0ceff05a800ba48bbb2b991dadc72e4e,,img_000051.jpg,C:\Users\jay\New folder (2)\Trustrace\data\dataset\AI-GENERATED\img_000049.jpg,AI-GENERATED,32,32,JPEG,965,train
img_000050,c066cdbb0554d04521c23dad22eeda6d426dac671108b2ae98d34dff3781e6a5,,img_000052.jpg,C:\Users\jay\New folder (2)\Trustrace\data\dataset\AI-GENERATED\img_000050.jpg,AI-GENERATED,32,32,JPEG,943,train
img_000052,734ee750bd69b0ae25bf4cac6c1bd654b8d8065a3e132f4d3ccc3f3878667ef8,,img_000054.jpg,C:\Users\jay\New folder (2)\Trustrace\data\dataset\AI-GENERATED\img_000052.jpg,AI-GENERATED,32,32,JPEG,895,train
img_000053,40c2a554b88811ae619d78b0981bad78fefa519deb4b42fad1d2f90a8e126804,,img_000055.jpg,C:\Users\jay\New folder (2)\Trustrace\data\dataset\AI-GENERATED\img_000053.jpg,AI-GENERATED,32,32,JPEG,938,train
img_000054,e2b9574faa2ff66dd7f222496249520400180fad379bcdacddfe221709f8a33d,,img_000056.jpg,C:\Users\jay\New folder (2)\Trustrace\data\dataset\AI-GENERATED\img_000054.jpg,AI-GENERATED,32,32,JPEG,919,train
img_000056,0191864c6f4bf1ddbbf128f74e7125c09ccee7504f46639bc21a78a887b2eee2,,img_000058.jpg,C:\Users\jay\New folder (2)\Trustrace\data\dataset\AI-GENERATED\img_000056.jpg,AI-GENERATED,32,32,JPEG,961,train
img_000057,20f29fd14314b59f2ae7e78c08c04cfa3e8df1771714204e3dd6eb7194594394,,img_000059.jpg,C:\Users\jay\New folder (2)\Trustrace\data\dataset\AI-GENERATED\img_000057.jpg,AI-GENERATED,32,32,JPEG,930,train
img_000059,b1f2073f4ecf86a7939e81318877b50764e1cce22b822432179d30b0e785dc8b,,img_000061.jpg,C:\Users\jay\New folder (2)\Trustrace\data\dataset\AI-GENERATED\img_000059.jpg,AI-GENERATED,32,32,JPEG,958,train
img_000062,b2e9d9e6b1557fdbfc0c6f20dd8f477a702090f9ab094847a4e6a30472d80a8a,,img_000064.jpg,C:\Users\jay\New folder (2)\Trustrace\data\dataset\AI-GENERATED\img_000062.jpg,AI-GENERATED,32,32,JPEG,951,train
img_000063,7a41652ade15be111ea58efd1dd2b224f06e0cb52344f8079a3220c248b7e68b,,img_000065.jpg,C:\Users\jay\New folder (2)\Trustrace\data\dataset\AI-GENERATED\img_000063.jpg,AI-GENERATED,32,32,JPEG,909,train
img_000064,9d91841d51ff8a30444c1f015f5bf2777581a1247ba1c97138cf48f71e97bb81,,img_000066.jpg,C:\Users\jay\New folder (2)\Trustrace\data\dataset\AI-GENERATED\img_000064.jpg,AI-GENERATED,32,32,JPEG,869,train
img_000065,e8bfa5e65650dacbcf420a9d070cf6a2f0df2d5334f5451ddc5af7159a713067,,img_000067.jpg,C:\Users\jay\New folder (2)\Trustrace\data\dataset\AI-GENERATED\img_000065.jpg,AI-GENERATED,32,32,JPEG,1040,train
img_000067,fd8e2fe877a3d4b47b19b537e19a2d44bf00b284e20eca640280d446e023d4bd,,img_000069.jpg,C:\Users\jay\New folder (2)\Trustrace\data\dataset\AI-GENERATED\img_000067.jpg,AI-GENERATED,32,32,JPEG,1002,train
img_000069,21d127cd3279f39ddf22799f009c32dcf79331069f83489bef1b0ec930b75871,,img_000071.jpg,C:\Users\jay\New folder (2)\Trustrace\data\dataset\AI-GENERATED\img_000069.jpg,AI-GENERATED,32,32,JPEG,1011,train
img_000070,140f611fe009acfd39b108a1b9df67ff29043afa17f3dec49057d5e55b5d9a8a,,img_000072.jpg,C:\Users\jay\New folder (2)\Trustrace\data\dataset\AI-GENERATED\img_000070.jpg,AI-GENERATED,32,32,JPEG,935,train
img_000071,83b3a03834dc4aa42667c7e1cd70b64d10a7bd6c3fb9acb2dace4298d0b9766c,,img_000073.jpg,C:\Users\jay\New folder (2)\Trustrace\data\dataset\AI-GENERATED\img_000071.jpg,AI-GENERATED,32,32,JPEG,797,train
img_000072,93aad44e16c012afacb4f5ec84ef881f261c3a077359ffe9af652b9cd72ca901,,img_000074.jpg,C:\Users\jay\New folder (2)\Trustrace\data\dataset\AI-GENERATED\img_000072.jpg,AI-GENERATED,32,32,JPEG,965,train
img_000073,37388ed9ac60a3e728a41907372d8b3634cdfa80467d0f4832194db120dd5486,,manip_base_android_receipt_timestamp_modification_v12_87143182_1791035862_12.png,C:\Users\jay\New folder (2)\Trustrace\data\dataset\SCREENSHOT-MANIPULATED\img_000073.png,SCREENSHOT-MANIPULATED,1080,2400,PNG,18751,train
img_000074,2ad55543e010accd197c29dd3d22306a89109cad2a3ccb1ecd83211c072eddf7,,manip_base_android_receipt_timestamp_modification_v17_87143182_1791035863_17.png,C:\Users\jay\New folder (2)\Trustrace\data\dataset\SCREENSHOT-MANIPULATED\img_000074.png,SCREENSHOT-MANIPULATED,1080,2400,PNG,18876,train
img_000076,ae42e1c813caa52165b7349c21eede3107725e5d4701e2d1898ca9588d71d297,,manip_base_android_receipt_timestamp_modification_v2_87143182_1791035862_2.png,C:\Users\jay\New folder (2)\Trustrace\data\dataset\SCREENSHOT-MANIPULATED\img_000076.png,SCREENSHOT-MANIPULATED,1080,2400,PNG,18941,train
img_000077,e082fba923a8e48091f3fa9574790fd005740aa98b5ad225f93f2ba88d311ee6,,manip_base_android_receipt_timestamp_modification_v7_87143182_1791035862_7.png,C:\Users\jay\New folder (2)\Trustrace\data\dataset\SCREENSHOT-MANIPULATED\img_000077.png,SCREENSHOT-MANIPULATED,1080,2400,PNG,18932,train
img_000080,0dc9862d1519deb95820f8bae4ddd504720f1b051df4a7c92100558328a8b9ab,,manip_base_chat_proof_ui_region_compositing_v24_085c2284_1791035863_24.png,C:\Users\jay\New folder (2)\Trustrace\data\dataset\SCREENSHOT-MANIPULATED\img_000080.png,SCREENSHOT-MANIPULATED,750,1334,PNG,14421,train
img_000082,54792d2fd5daeb926aeb1fdb3e528f9df795ade72a9a2f44f80a70fd3fba775b,,manip_base_chat_proof_ui_region_compositing_v9_085c2284_1791035862_9.png,C:\Users\jay\New folder (2)\Trustrace\data\dataset\SCREENSHOT-MANIPULATED\img_000082.png,SCREENSHOT-MANIPULATED,750,1334,PNG,14288,train
img_000083,d4f00ee547cef43a7d5d297df3af796835aab607f49e13264701d0eb6405ad44,,manip_base_desktop_invoice_ui_element_splicing_v13_2cc4697b_1791035862_13.png,C:\Users\jay\New folder (2)\Trustrace\data\dataset\SCREENSHOT-MANIPULATED\img_000083.png,SCREENSHOT-MANIPULATED,800,600,PNG,8403,train
img_000084,0412b67fc5dab29b9f52649cb0bafc0c26add9ec1583ef1259cfa4142f2183be,,manip_base_desktop_invoice_ui_element_splicing_v18_2cc4697b_1791035863_18.png,C:\Users\jay\New folder (2)\Trustrace\data\dataset\SCREENSHOT-MANIPULATED\img_000084.png,SCREENSHOT-MANIPULATED,800,600,PNG,8401,train
img_000085,463fce772ae002cb41ad887fb4c0219e2a1eff8d6556a9f81384fd8dd0384364,,manip_base_desktop_invoice_ui_element_splicing_v23_2cc4697b_1791035863_23.png,C:\Users\jay\New folder (2)\Trustrace\data\dataset\SCREENSHOT-MANIPULATED\img_000085.png,SCREENSHOT-MANIPULATED,800,600,PNG,8396,train
img_000086,be720bd91e3659a384f25410700241ff0622b1c5c36359f55d776d74ef21dc09,,manip_base_desktop_invoice_ui_element_splicing_v3_2cc4697b_1791035862_3.png,C:\Users\jay\New folder (2)\Trustrace\data\dataset\SCREENSHOT-MANIPULATED\img_000086.png,SCREENSHOT-MANIPULATED,800,600,PNG,8403,train
img_000087,4d93645b8da89405fd6f094b07cac7fed1ee77f89b59ed91ab8ed695fa55f111,,manip_base_desktop_invoice_ui_element_splicing_v8_2cc4697b_1791035862_8.png,C:\Users\jay\New folder (2)\Trustrace\data\dataset\SCREENSHOT-MANIPULATED\img_000087.png,SCREENSHOT-MANIPULATED,800,600,PNG,8396,train
img_000088,6c872fa23c86b82090f8989cc69c916a7b9e18cc670ee58ab098a96fac09eb76,,manip_base_mobile_banking_iphone_text_alteration_v11_29b3761b_1791035862_11.png,C:\Users\jay\New folder (2)\Trustrace\data\dataset\SCREENSHOT-MANIPULATED\img_000088.png,SCREENSHOT-MANIPULATED,1170,2532,PNG,23882,train
img_000089,0f31ef200f9ef39e8ef38b45ab03a1a717cd3f3086a79d050bf005c77263be78,,manip_base_mobile_banking_iphone_text_alteration_v16_29b3761b_1791035863_16.png,C:\Users\jay\New folder (2)\Trustrace\data\dataset\SCREENSHOT-MANIPULATED\img_000089.png,SCREENSHOT-MANIPULATED,1170,2532,PNG,23342,train
img_000091,68733967f20e4c9c0d2d6e476807b8efefe7c4eb325cc2808b847ce93152c4cb,,manip_base_mobile_banking_iphone_text_alteration_v21_29b3761b_1791035863_21.png,C:\Users\jay\New folder (2)\Trustrace\data\dataset\SCREENSHOT-MANIPULATED\img_000091.png,SCREENSHOT-MANIPULATED,1170,2532,PNG,23631,train
img_000092,38a6bfd138753f11f40b1e81a77f8b4165edcc1d29d5d635a060f039d067e974,,manip_base_mobile_banking_iphone_text_alteration_v6_29b3761b_1791035862_6.png,C:\Users\jay\New folder (2)\Trustrace\data\dataset\SCREENSHOT-MANIPULATED\img_000092.png,SCREENSHOT-MANIPULATED,1170,2532,PNG,23674,train
img_000095,f44a291b2643ace60b432006561f2f29442000991ec6828a9ff59f033f712e3a,,manip_test_payment_proof_numeric_alteration_v15_a5ed3d20_1791035863_15.png,C:\Users\jay\New folder (2)\Trustrace\data\dataset\SCREENSHOT-MANIPULATED\img_000095.png,SCREENSHOT-MANIPULATED,1170,2532,PNG,20792,train
img_000096,6f0bf66ef16576a0dd6bf77a7a0819dd4425604338cd4afef787640465a675dd,,manip_test_payment_proof_numeric_alteration_v5_a5ed3d20_1791035862_5.png,C:\Users\jay\New folder (2)\Trustrace\data\dataset\SCREENSHOT-MANIPULATED\img_000096.png,SCREENSHOT-MANIPULATED,1170,2532,PNG,20792,train
img_000005,a0077f34afe96d081077c929367a7eb12cba4743c2e61e504c8470a20c5f3796,,img_000005.png,C:\Users\jay\New folder (2)\Trustrace\data\dataset\REAL\img_000005.png,REAL,384,256,PNG,73693,validation
img_000008,9bef7f689901b1483ead45cc599db51a8a2f1d457794cd22869fb12b58c90506,,img_000008.png,C:\Users\jay\New folder (2)\Trustrace\data\dataset\REAL\img_000008.png,REAL,384,256,PNG,141129,validation
img_000009,09672b832dc53609b7e1c4be2f0594d32ed55469a2b2294a3496088a5b459c5a,,img_000009.png,C:\Users\jay\New folder (2)\Trustrace\data\dataset\REAL\img_000009.png,REAL,384,256,PNG,118627,validation
img_000020,140e2e3d159d347f85d754043b96a09056ff8801dc2723b6700d1bd6fa3a1041,,img_000020.png,C:\Users\jay\New folder (2)\Trustrace\data\dataset\REAL\img_000020.png,REAL,384,256,PNG,173529,validation
img_000030,0297e5db0e046ea086cd602fc6d3a9f72648a65eeac60f2afddf2933072660da,,img_000031.png,C:\Users\jay\New folder (2)\Trustrace\data\dataset\EDITED\img_000030.png,EDITED,384,256,PNG,232145,validation
img_000035,43e8785b09241f4ce3d3f771e53a0311b1b6a3085b4c2e81cf3010ed84ac50b1,,img_000036.png,C:\Users\jay\New folder (2)\Trustrace\data\dataset\EDITED\img_000035.png,EDITED,384,256,PNG,225620,validation
img_000038,10f7fb0d1e449575931c5efd887699b165fbab2ec91be004f940906ba0a7da14,,img_000039.png,C:\Users\jay\New folder (2)\Trustrace\data\dataset\EDITED\img_000038.png,EDITED,384,256,PNG,175868,validation
img_000047,fdf0d45b4a3bd775e18e8c38dbbbd3ba1dec9d629b6aaabafe31b2138eaefc2e,,img_000048.png,C:\Users\jay\New folder (2)\Trustrace\data\dataset\EDITED\img_000047.png,EDITED,240,160,PNG,74551,validation
img_000055,1e95a10004281dd785211d087282251be79a5ec46b656af489dc551eed9359b4,,img_000057.jpg,C:\Users\jay\New folder (2)\Trustrace\data\dataset\AI-GENERATED\img_000055.jpg,AI-GENERATED,32,32,JPEG,952,validation
img_000058,e6afd02f15e00d7f0a341ddda3894c08d30b61ed3d13278a4be3ec853bd1c80d,,img_000060.jpg,C:\Users\jay\New folder (2)\Trustrace\data\dataset\AI-GENERATED\img_000058.jpg,AI-GENERATED,32,32,JPEG,920,validation
img_000060,4e73c8047d104aa98cb9f678df3ec2f41222276e2860f94a33e0a0bcf769cac5,,img_000062.jpg,C:\Users\jay\New folder (2)\Trustrace\data\dataset\AI-GENERATED\img_000060.jpg,AI-GENERATED,32,32,JPEG,921,validation
img_000068,7eef23555c008a0ebd76aa3df03fb2eade4a9f76a7b2162e4630e45535558b76,,img_000070.jpg,C:\Users\jay\New folder (2)\Trustrace\data\dataset\AI-GENERATED\img_000068.jpg,AI-GENERATED,32,32,JPEG,921,validation
img_000075,143f5550b173d99b951838ada4effb882edcfb2a3f888e1385dfd96e8c74e688,,manip_base_android_receipt_timestamp_modification_v22_87143182_1791035863_22.png,C:\Users\jay\New folder (2)\Trustrace\data\dataset\SCREENSHOT-MANIPULATED\img_000075.png,SCREENSHOT-MANIPULATED,1080,2400,PNG,18835,validation
img_000078,0ec49ffdcedc3e5dba43236b90f40fe04949941cce68072bc1512f334007f44a,,manip_base_chat_proof_ui_region_compositing_v14_085c2284_1791035862_14.png,C:\Users\jay\New folder (2)\Trustrace\data\dataset\SCREENSHOT-MANIPULATED\img_000078.png,SCREENSHOT-MANIPULATED,750,1334,PNG,14092,validation
img_000090,c3553115b2f7adcf74367e75bdbd18775a37af3a113e13522f1dd6891150375c,,manip_base_mobile_banking_iphone_text_alteration_v1_29b3761b_1791035862_1.png,C:\Users\jay\New folder (2)\Trustrace\data\dataset\SCREENSHOT-MANIPULATED\img_000090.png,SCREENSHOT-MANIPULATED,1170,2532,PNG,23503,validation
img_000093,e43324a9954c8a818ac8a32365be0a9897d0e9ae827851a7063c8f4f1002093b,,manip_test_payment_proof_numeric_alteration_v0_a5ed3d20_1791035862_0.png,C:\Users\jay\New folder (2)\Trustrace\data\dataset\SCREENSHOT-MANIPULATED\img_000093.png,SCREENSHOT-MANIPULATED,1170,2532,PNG,20684,validation
img_000001,1514ea214731b6bfb751d3ad4cb8675999906375e4497523100819e9977288c6,,img_000001.png,C:\Users\jay\New folder (2)\Trustrace\data\dataset\REAL\img_000001.png,REAL,384,256,PNG,117926,test
img_000004,71b6fc0dd30c0f0a668e75230426130f3bc8de8d3a081539e86437faeab6e76f,,img_000004.png,C:\Users\jay\New folder (2)\Trustrace\data\dataset\REAL\img_000004.png,REAL,384,256,PNG,165662,test
img_000021,802f4018f7dea3c00e14170ac8a4c0f41c0d10f201f664fbe3884fcc2f43236f,,img_000021.png,C:\Users\jay\New folder (2)\Trustrace\data\dataset\REAL\img_000021.png,REAL,384,256,PNG,164688,test
img_000025,5c7f10870692f7f1aa78707504a4882f13be050e6c79a9c834aee1c6420b4b4b,,img_000026.png,C:\Users\jay\New folder (2)\Trustrace\data\dataset\EDITED\img_000025.png,EDITED,384,256,PNG,196457,test
img_000033,1a2cfb2cbc452ae9c77ab0b8eb281c834348e61329caef2ad9a8476e435a99cd,,img_000034.png,C:\Users\jay\New folder (2)\Trustrace\data\dataset\EDITED\img_000033.png,EDITED,640,480,PNG,493846,test
img_000043,6c6b26b099ead09ac2d01af6d54ac110eea19e68b885bed76def8eb6f1e354da,,img_000044.png,C:\Users\jay\New folder (2)\Trustrace\data\dataset\EDITED\img_000043.png,EDITED,640,480,PNG,437465,test
img_000051,dd9d095af14e9c5621a6c267071d53687cc74ae8c9a72b7899f14dd732c0cb4b,,img_000053.jpg,C:\Users\jay\New folder (2)\Trustrace\data\dataset\AI-GENERATED\img_000051.jpg,AI-GENERATED,32,32,JPEG,916,test
img_000061,a0ce19834cb615373730d3b1a867dd2f6787e1085f9cf551f96dd526147737a0,,img_000063.jpg,C:\Users\jay\New folder (2)\Trustrace\data\dataset\AI-GENERATED\img_000061.jpg,AI-GENERATED,32,32,JPEG,769,test
img_000066,8da9a5e71732be38094d04d8a0a7f5eef7b013a0bd917e6f8712a07eb2641228,,img_000068.jpg,C:\Users\jay\New folder (2)\Trustrace\data\dataset\AI-GENERATED\img_000066.jpg,AI-GENERATED,32,32,JPEG,1020,test
img_000079,ccbfd2f06fad5b2de2c345a7a69b3ac46d19fd48bc7bcd7889e794ee7d629002,,manip_base_chat_proof_ui_region_compositing_v19_085c2284_1791035863_19.png,C:\Users\jay\New folder (2)\Trustrace\data\dataset\SCREENSHOT-MANIPULATED\img_000079.png,SCREENSHOT-MANIPULATED,750,1334,PNG,14181,test
img_000081,28b78dd9665f62729dfc70e323f7712e4d03331109b14f2881fe8a2b08e8d17d,,manip_base_chat_proof_ui_region_compositing_v4_085c2284_1791035862_4.png,C:\Users\jay\New folder (2)\Trustrace\data\dataset\SCREENSHOT-MANIPULATED\img_000081.png,SCREENSHOT-MANIPULATED,750,1334,PNG,14334,test
img_000094,32922f2b706aeeebf7c64ec20ea254920a99245a0c3c6e018e5c03c77e5f5098,,manip_test_payment_proof_numeric_alteration_v10_a5ed3d20_1791035862_10.png,C:\Users\jay\New folder (2)\Trustrace\data\dataset\SCREENSHOT-MANIPULATED\img_000094.png,SCREENSHOT-MANIPULATED,1170,2532,PNG,20684,test
